ID,SKU,Категория,Название,Цена,Вес,Описание,Изображение,Источник
205386033758,YD-205386033758,Выбор пользователей,Шашлык из свиной мякоти,792,170 г,На гриле,./images/205386033758_Шашлык_из_свиной_мякоти.jpg,https://eda.yandex.ru/r/dvor_1666364801?placeSlug=dvor_
43637d2f43b3,YD-43637d2f43b3,Выбор пользователей,Шашлык из говяжьей вырезки (бастурма),1080,180 г,На гриле,./images/43637d2f43b3_Шашлык_из_говяжьей_вырезки_(бастурма).jpg,https://eda.yandex.ru/r/dvor_1666364801?placeSlug=dvor_
4a4606e164bc,YD-4a4606e164bc,Выбор пользователей,Люля-кебаб из курицы,792,160 г,На гриле,./images/4a4606e164bc_Люля-кебаб_из_курицы.jpg,https://eda.yandex.ru/r/dvor_1666364801?placeSlug=dvor_
21a5e129a3ec,YD-21a5e129a3ec,Выбор пользователей,Телятина по-домашнему,792,350 г,,./images/21a5e129a3ec_Телятина_по-домашнему.jpg,https://eda.yandex.ru/r/dvor_1666364801?placeSlug=dvor_
d53d33d901ae,YD-d53d33d901ae,Выбор пользователей,Шашлык из картофеля,472,150 г,На гриле,./images/d53d33d901ae_Шашлык_из_картофеля.jpg,https://eda.yandex.ru/r/dvor_1666364801?placeSlug=dvor_
1c59bb629cc0,YD-1c59bb629cc0,Выбор пользователей,Шашлык из свиных ребер,720,180 г,На гриле,./images/1c59bb629cc0_Шашлык_из_свиных_ребер.jpg,https://eda.yandex.ru/r/dvor_1666364801?placeSlug=dvor_
3d231aa97d5e,YD-3d231aa97d5e,Выбор пользователей,Долма с виноградными листьями,864,280 г,Запечённое,./images/3d231aa97d5e_Долма_с_виноградными_листьями.jpg,https://eda.yandex.ru/r/dvor_1666364801?placeSlug=dvor_
563128fd0316,YD-563128fd0316,Выбор пользователей,Суп харчо,632,300 г,,./images/563128fd0316_Суп_харчо.jpg,https://eda.yandex.ru/r/dvor_1666364801?placeSlug=dvor_
9239096a1522,YD-9239096a1522,Выбор пользователей,Ассорти шашлыков из рыб с овощами,6160,"1,3 кг",На гриле,./images/9239096a1522_Ассорти_шашлыков_из_рыб_с_овощами.jpg,https://eda.yandex.ru/r/dvor_1666364801?placeSlug=dvor_
9b07a2dc3686,YD-9b07a2dc3686,Выбор пользователей,Сет из Барашка и Телёнка с Овощами,6880,"1,8 кг","На гриле
На компанию",./images/9b07a2dc3686_Сет_из_Барашка_и_Телёнка_с_Овощами.jpg,https://eda.yandex.ru/r/dvor_1666364801?placeSlug=dvor_
fd548e4edbac,YD-fd548e4edbac,Выбор пользователей,Помидоры бычье сердце,656,150 г,,./images/fd548e4edbac_Помидоры_бычье_сердце.jpg,https://eda.yandex.ru/r/dvor_1666364801?placeSlug=dvor_
11bdcdb63da9,YD-11bdcdb63da9,Выбор пользователей,Овощи свежие,760,280 г,Вегги,./images/11bdcdb63da9_Овощи_свежие.jpg,https://eda.yandex.ru/r/dvor_1666364801?placeSlug=dvor_
775757c535b5,YD-775757c535b5,Выбор пользователей,Салат овощной со шпинатом,848,250 г,,./images/775757c535b5_Салат_овощной_со_шпинатом.jpg,https://eda.yandex.ru/r/dvor_1666364801?placeSlug=dvor_
4d5a719aec81,YD-4d5a719aec81,Выбор пользователей,Салат с авокадо,856,250 г,Вегги,./images/4d5a719aec81_Салат_с_авокадо.jpg,https://eda.yandex.ru/r/dvor_1666364801?placeSlug=dvor_
5cde1d612fef,YD-5cde1d612fef,Выбор пользователей,Салат из свеклы с козьим сыром,1016,200 г,,./images/5cde1d612fef_Салат_из_свеклы_с_козьим_сыром.jpg,https://eda.yandex.ru/r/dvor_1666364801?placeSlug=dvor_
dd1ce805b48e,YD-dd1ce805b48e,Выбор пользователей,Салат с говяжьим языком,872,290 г,,./images/dd1ce805b48e_Салат_с_говяжьим_языком.jpg,https://eda.yandex.ru/r/dvor_1666364801?placeSlug=dvor_
f711e3f37d78,YD-f711e3f37d78,Выбор пользователей,Теплый салат с телятиной и зеленью,976,300 г,Жареное,./images/f711e3f37d78_Теплый_салат_с_телятиной_и_зеленью.jpg,https://eda.yandex.ru/r/dvor_1666364801?placeSlug=dvor_
499ee92a3b12,YD-499ee92a3b12,Выбор пользователей,Салат хрустящий с баклажаном,616,250 г,,./images/499ee92a3b12_Салат_хрустящий_с_баклажаном.jpg,https://eda.yandex.ru/r/dvor_1666364801?placeSlug=dvor_
a3c219795f9d,YD-a3c219795f9d,Выбор пользователей,Салат «Цезарь» с курицей,1032,250 г,Жареное,./images/a3c219795f9d_Салат_«Цезарь»_с_курицей.jpg,https://eda.yandex.ru/r/dvor_1666364801?placeSlug=dvor_
7a4781247ddc,YD-7a4781247ddc,Выбор пользователей,Салат «Цезарь» с креветками,1080,250 г,Жареное,./images/7a4781247ddc_Салат_«Цезарь»_с_креветками.jpg,https://eda.yandex.ru/r/dvor_1666364801?placeSlug=dvor_
bc76262777ab,YD-bc76262777ab,Выбор пользователей,Котлеты из телятины,800,180 г,Жареное,./images/bc76262777ab_Котлеты_из_телятины.jpg,https://eda.yandex.ru/r/dvor_1666364801?placeSlug=dvor_
48675324cec1,YD-48675324cec1,Выбор пользователей,Ассорти из баранины и телятины,7008,2 кг,"На гриле
На компанию",./images/48675324cec1_Ассорти_из_баранины_и_телятины.jpg,https://eda.yandex.ru/r/dvor_1666364801?placeSlug=dvor_
40420ff9a582,YD-40420ff9a582,Выбор пользователей,Кебаб Сет Семёрка,7120,"1,6 г","На гриле
На компанию",./images/40420ff9a582_Кебаб_Сет_Семёрка.jpg,https://eda.yandex.ru/r/dvor_1666364801?placeSlug=dvor_
e1b0d473aa1c,YD-e1b0d473aa1c,Выбор пользователей,Мега Сет из Шашлыков,6720,"1,4 г","На гриле
На компанию",./images/e1b0d473aa1c_Мега_Сет_из_Шашлыков.jpg,https://eda.yandex.ru/r/dvor_1666364801?placeSlug=dvor_
9e2e8a4789af,YD-9e2e8a4789af,Выбор пользователей,Мега Сет Шашлыков на Праздник,7480,"1,4 г","На гриле
На компанию",./images/9e2e8a4789af_Мега_Сет_Шашлыков_на_Праздник.jpg,https://eda.yandex.ru/r/dvor_1666364801?placeSlug=dvor_
6cd6fe8cc771,YD-6cd6fe8cc771,Выбор пользователей,Микс Шашлыков на День Рождения,8984,"2,5 г","На гриле
На компанию",./images/6cd6fe8cc771_Микс_Шашлыков_на_День_Рождения.jpg,https://eda.yandex.ru/r/dvor_1666364801?placeSlug=dvor_
302e8b2d5ecd,YD-302e8b2d5ecd,Выбор пользователей,Сет Праздник №1,9640,"3,3 г","На гриле
На компанию",./images/302e8b2d5ecd_Сет_Праздник_№1.jpg,https://eda.yandex.ru/r/dvor_1666364801?placeSlug=dvor_
54a2964294f6,YD-54a2964294f6,Выбор пользователей,Сет Шашлыков Овощная Симфония,3984,"2,3 кг","На гриле
На компанию",./images/54a2964294f6_Сет_Шашлыков_Овощная_Симфония.jpg,https://eda.yandex.ru/r/dvor_1666364801?placeSlug=dvor_
a35a3c8f2de2,YD-a35a3c8f2de2,Выбор пользователей,Сет из Шашлыков Трио,4696,"1,2 кг","На гриле
На компанию",./images/a35a3c8f2de2_Сет_из_Шашлыков_Трио.jpg,https://eda.yandex.ru/r/dvor_1666364801?placeSlug=dvor_
26fb7a4614e0,YD-26fb7a4614e0,Выбор пользователей,Сет Шашлыков Выгодный,4560,"1,2 кг","На гриле
На компанию",./images/26fb7a4614e0_Сет_Шашлыков_Выгодный.jpg,https://eda.yandex.ru/r/dvor_1666364801?placeSlug=dvor_
5a252f89487f,YD-5a252f89487f,Выбор пользователей,"Сет из Шашлыков, Люля, Кебабовый Микс",4624,"1,3 кг","На гриле
На компанию","./images/5a252f89487f_Сет_из_Шашлыков,_Люля,_Кебабовый_Микс.jpg",https://eda.yandex.ru/r/dvor_1666364801?placeSlug=dvor_
1b53a34b4e65,YD-1b53a34b4e65,Выбор пользователей,Сет из Шашлыков Сытный Ужин,5872,"1,6 кг",На гриле,./images/1b53a34b4e65_Сет_из_Шашлыков_Сытный_Ужин.jpg,https://eda.yandex.ru/r/dvor_1666364801?placeSlug=dvor_
e1f954efa7e9,YD-e1f954efa7e9,Выбор пользователей,Сет Шашлыков на Двоих,3880,"1,1 кг",На гриле,./images/e1f954efa7e9_Сет_Шашлыков_на_Двоих.jpg,https://eda.yandex.ru/r/dvor_1666364801?placeSlug=dvor_
29b5c54dbb42,YD-29b5c54dbb42,Выбор пользователей,Сет Шашлык Банкетный,20320,10 кг,"На гриле
На компанию",./images/29b5c54dbb42_Сет_Шашлык_Банкетный.jpg,https://eda.yandex.ru/r/dvor_1666364801?placeSlug=dvor_
cbfcee3a25e5,YD-cbfcee3a25e5,Выбор пользователей,Цыпленок в тандыре,1032,350 г,Запечённое,./images/cbfcee3a25e5_Цыпленок_в_тандыре.jpg,https://eda.yandex.ru/r/dvor_1666364801?placeSlug=dvor_
16c5d7ffc73b,YD-16c5d7ffc73b,Выбор пользователей,Перепелка в тандыре,1160,180 г,Запечённое,./images/16c5d7ffc73b_Перепелка_в_тандыре.jpg,https://eda.yandex.ru/r/dvor_1666364801?placeSlug=dvor_
e0ba97465dbe,YD-e0ba97465dbe,Выбор пользователей,Овощная нарезка,1360,800 г,Вегги,./images/e0ba97465dbe_Овощная_нарезка.jpg,https://eda.yandex.ru/r/dvor_1666364801?placeSlug=dvor_
b36bb819728c,YD-b36bb819728c,Выбор пользователей,Ассорти зелени,704,159 г,Вегги,./images/b36bb819728c_Ассорти_зелени.jpg,https://eda.yandex.ru/r/dvor_1666364801?placeSlug=dvor_
428a7ef4aa7b,YD-428a7ef4aa7b,Выбор пользователей,Соление по-бакински,720,500 г,Вегги,./images/428a7ef4aa7b_Соление_по-бакински.jpg,https://eda.yandex.ru/r/dvor_1666364801?placeSlug=dvor_
4af7ad09ea38,YD-4af7ad09ea38,Выбор пользователей,Огурцы малосольные,584,150 г,Вегги,./images/4af7ad09ea38_Огурцы_малосольные.jpg,https://eda.yandex.ru/r/dvor_1666364801?placeSlug=dvor_
1b2ac48a1c0c,YD-1b2ac48a1c0c,Выбор пользователей,Икра из баклажанов,712,200 г,,./images/1b2ac48a1c0c_Икра_из_баклажанов.jpg,https://eda.yandex.ru/r/dvor_1666364801?placeSlug=dvor_
33dcdbb0a891,YD-33dcdbb0a891,Выбор пользователей,Баклажаны с ореховой начинкой,680,150 г,,./images/33dcdbb0a891_Баклажаны_с_ореховой_начинкой.jpg,https://eda.yandex.ru/r/dvor_1666364801?placeSlug=dvor_
c4b61d113c21,YD-c4b61d113c21,Выбор пользователей,Лобио по-грузински,640,220 г,,./images/c4b61d113c21_Лобио_по-грузински.jpg,https://eda.yandex.ru/r/dvor_1666364801?placeSlug=dvor_
28ebf3ac4119,YD-28ebf3ac4119,Выбор пользователей,Мясное ассорти,2304,340 г,,./images/28ebf3ac4119_Мясное_ассорти.jpg,https://eda.yandex.ru/r/dvor_1666364801?placeSlug=dvor_
82c051ae1cba,YD-82c051ae1cba,Выбор пользователей,Язык говяжий,712,175 г,,./images/82c051ae1cba_Язык_говяжий.jpg,https://eda.yandex.ru/r/dvor_1666364801?placeSlug=dvor_
b37c74473547,YD-b37c74473547,Выбор пользователей,Куриный рулет,704,175 г,,./images/b37c74473547_Куриный_рулет.jpg,https://eda.yandex.ru/r/dvor_1666364801?placeSlug=dvor_
e9bd06c73c1a,YD-e9bd06c73c1a,Выбор пользователей,Сельдь по-московски,712,225 г,,./images/e9bd06c73c1a_Сельдь_по-московски.jpg,https://eda.yandex.ru/r/dvor_1666364801?placeSlug=dvor_
bc305199da34,YD-bc305199da34,Выбор пользователей,Салат по-деревенски,680,250 г,Вегги,./images/bc305199da34_Салат_по-деревенски.jpg,https://eda.yandex.ru/r/dvor_1666364801?placeSlug=dvor_
c05a18f99ee4,YD-c05a18f99ee4,Выбор пользователей,Салат из помидоров бычье сердце,736,270 г,Вегги,./images/c05a18f99ee4_Салат_из_помидоров_бычье_сердце.jpg,https://eda.yandex.ru/r/dvor_1666364801?placeSlug=dvor_
4de2ad98ff91,YD-4de2ad98ff91,Выбор пользователей,Салат капризе,752,290 г,,./images/4de2ad98ff91_Салат_капризе.jpg,https://eda.yandex.ru/r/dvor_1666364801?placeSlug=dvor_
d4b268851037,YD-d4b268851037,Выбор пользователей,Салат овощной с сыром сулугуни,872,250 г,,./images/d4b268851037_Салат_овощной_с_сыром_сулугуни.jpg,https://eda.yandex.ru/r/dvor_1666364801?placeSlug=dvor_
27b35299ea80,YD-27b35299ea80,Выбор пользователей,Салат столичный с куриным филе,672,225 г,,./images/27b35299ea80_Салат_столичный_с_куриным_филе.jpg,https://eda.yandex.ru/r/dvor_1666364801?placeSlug=dvor_
cdb8923288cd,YD-cdb8923288cd,Выбор пользователей,Сыр сулугуни жареный,552,200 г,Жареное,./images/cdb8923288cd_Сыр_сулугуни_жареный.jpg,https://eda.yandex.ru/r/dvor_1666364801?placeSlug=dvor_
9eb33285b521,YD-9eb33285b521,Выбор пользователей,Кюкю с зеленю,640,240 г,Жареное,./images/9eb33285b521_Кюкю_с_зеленю.jpg,https://eda.yandex.ru/r/dvor_1666364801?placeSlug=dvor_
8f22a34d04e7,YD-8f22a34d04e7,Выбор пользователей,Яичница,520,150 г,Жареное,./images/8f22a34d04e7_Яичница.jpg,https://eda.yandex.ru/r/dvor_1666364801?placeSlug=dvor_
78bf334df381,YD-78bf334df381,Выбор пользователей,Яичница с помидорами,624,200 г,Жареное,./images/78bf334df381_Яичница_с_помидорами.jpg,https://eda.yandex.ru/r/dvor_1666364801?placeSlug=dvor_
68cf8deb4e18,YD-68cf8deb4e18,Выбор пользователей,Королевские креветки на гриле,1120,180 г,,./images/68cf8deb4e18_Королевские_креветки_на_гриле.jpg,https://eda.yandex.ru/r/dvor_1666364801?placeSlug=dvor_
8227f2ca496f,YD-8227f2ca496f,Выбор пользователей,Суп-пюре из чечевицы,616,340 г,,./images/8227f2ca496f_Суп-пюре_из_чечевицы.jpg,https://eda.yandex.ru/r/dvor_1666364801?placeSlug=dvor_
86a95ec646de,YD-86a95ec646de,Выбор пользователей,Крем-суп из шампиньонов,608,320 г,,./images/86a95ec646de_Крем-суп_из_шампиньонов.jpg,https://eda.yandex.ru/r/dvor_1666364801?placeSlug=dvor_
6bcaf4fb9e01,YD-6bcaf4fb9e01,Выбор пользователей,Куриный суп-лапша,624,300 г,,./images/6bcaf4fb9e01_Куриный_суп-лапша.jpg,https://eda.yandex.ru/r/dvor_1666364801?placeSlug=dvor_
08d49ac3d946,YD-08d49ac3d946,Выбор пользователей,Борщ с телятиной,624,340 г,,./images/08d49ac3d946_Борщ_с_телятиной.jpg,https://eda.yandex.ru/r/dvor_1666364801?placeSlug=dvor_
8f11e0f4b022,YD-8f11e0f4b022,Выбор пользователей,Соютма из баранины,792,350 г,,./images/8f11e0f4b022_Соютма_из_баранины.jpg,https://eda.yandex.ru/r/dvor_1666364801?placeSlug=dvor_
87f3480d852c,YD-87f3480d852c,Выбор пользователей,Суп кюфта-бозбаш,744,300 г,,./images/87f3480d852c_Суп_кюфта-бозбаш.jpg,https://eda.yandex.ru/r/dvor_1666364801?placeSlug=dvor_
8765e838b192,YD-8765e838b192,Выбор пользователей,Суп Пити,784,330 г,,./images/8765e838b192_Суп_Пити.jpg,https://eda.yandex.ru/r/dvor_1666364801?placeSlug=dvor_
d18a6ce7abc4,YD-d18a6ce7abc4,Выбор пользователей,Ассорти мясо на Садже,4792,"1,5 кг","Жареное
На компанию",./images/d18a6ce7abc4_Ассорти_мясо_на_Садже.jpg,https://eda.yandex.ru/r/dvor_1666364801?placeSlug=dvor_
ca521a9d295f,YD-ca521a9d295f,Выбор пользователей,Жаркое из баранины с овощами,3200,900 г,Жареное,./images/ca521a9d295f_Жаркое_из_баранины_с_овощами.jpg,https://eda.yandex.ru/r/dvor_1666364801?placeSlug=dvor_
f2df2aa701a5,YD-f2df2aa701a5,Выбор пользователей,Тава Кебаб,552,270 г,Жареное,./images/f2df2aa701a5_Тава_Кебаб.jpg,https://eda.yandex.ru/r/dvor_1666364801?placeSlug=dvor_
1ed23c4b3b47,YD-1ed23c4b3b47,Выбор пользователей,Джиз быз,744,340 г,Жареное,./images/1ed23c4b3b47_Джиз_быз.jpg,https://eda.yandex.ru/r/dvor_1666364801?placeSlug=dvor_
1641a5b0cf37,YD-1641a5b0cf37,Выбор пользователей,Долма по-азербайджански,944,350 г,,./images/1641a5b0cf37_Долма_по-азербайджански.jpg,https://eda.yandex.ru/r/dvor_1666364801?placeSlug=dvor_
ad76f2a3b82f,YD-ad76f2a3b82f,Выбор пользователей,Телятина по-строгановски,784,200 г,Жареное,./images/ad76f2a3b82f_Телятина_по-строгановски.jpg,https://eda.yandex.ru/r/dvor_1666364801?placeSlug=dvor_
d6c713a6cd5b,YD-d6c713a6cd5b,Выбор пользователей,Вырезка по-царски,1080,300 г,Жареное,./images/d6c713a6cd5b_Вырезка_по-царски.jpg,https://eda.yandex.ru/r/dvor_1666364801?placeSlug=dvor_
8329aa9e28e9,YD-8329aa9e28e9,Выбор пользователей,Хашлама из баранины,800,550 г,Запечённое,./images/8329aa9e28e9_Хашлама_из_баранины.jpg,https://eda.yandex.ru/r/dvor_1666364801?placeSlug=dvor_
458ee667618f,YD-458ee667618f,Выбор пользователей,Куриные котлеты,632,200 г,,./images/458ee667618f_Куриные_котлеты.jpg,https://eda.yandex.ru/r/dvor_1666364801?placeSlug=dvor_
7f12435cff80,YD-7f12435cff80,Выбор пользователей,Перепелка табака,1032,220 г,Жареное,./images/7f12435cff80_Перепелка_табака.jpg,https://eda.yandex.ru/r/dvor_1666364801?placeSlug=dvor_
5927a2a66199,YD-5927a2a66199,Выбор пользователей,Цыплёнок табака,792,350 г,Жареное,./images/5927a2a66199_Цыплёнок_табака.jpg,https://eda.yandex.ru/r/dvor_1666364801?placeSlug=dvor_
041080c73e38,YD-041080c73e38,Выбор пользователей,Сёмга жареная,2312,270 г,Жареное,./images/041080c73e38_Сёмга_жареная.jpg,https://eda.yandex.ru/r/dvor_1666364801?placeSlug=dvor_
2b962c3308aa,YD-2b962c3308aa,Выбор пользователей,Судак жареный,856,180 г,Жареное,./images/2b962c3308aa_Судак_жареный.jpg,https://eda.yandex.ru/r/dvor_1666364801?placeSlug=dvor_
48c113a4a51a,YD-48c113a4a51a,Выбор пользователей,Форель речная жареный,880,220 г,Жареное,./images/48c113a4a51a_Форель_речная_жареный.jpg,https://eda.yandex.ru/r/dvor_1666364801?placeSlug=dvor_
d5f19f655c9d,YD-d5f19f655c9d,Выбор пользователей,Сибас жареный,1224,280 г,Жареное,./images/d5f19f655c9d_Сибас_жареный.jpg,https://eda.yandex.ru/r/dvor_1666364801?placeSlug=dvor_
b667246e9aa0,YD-b667246e9aa0,Выбор пользователей,Дорадо жареное,960,300 г,Жареное,./images/b667246e9aa0_Дорадо_жареное.jpg,https://eda.yandex.ru/r/dvor_1666364801?placeSlug=dvor_
8282549a5b70,YD-8282549a5b70,Акции,Ассорти шашлыков из рыб с овощами,6160,"1,3 кг",На гриле,./images/8282549a5b70_Ассорти_шашлыков_из_рыб_с_овощами.jpg,https://eda.yandex.ru/r/dvor_1666364801?placeSlug=dvor_
9316763acc8a,YD-9316763acc8a,Акции,Сет из Барашка и Телёнка с Овощами,6880,"1,8 кг","На гриле
На компанию",./images/9316763acc8a_Сет_из_Барашка_и_Телёнка_с_Овощами.jpg,https://eda.yandex.ru/r/dvor_1666364801?placeSlug=dvor_
ee41b84a95ba,YD-ee41b84a95ba,Акции,Помидоры бычье сердце,656,150 г,,./images/ee41b84a95ba_Помидоры_бычье_сердце.jpg,https://eda.yandex.ru/r/dvor_1666364801?placeSlug=dvor_
9067aef07d47,YD-9067aef07d47,Акции,Овощи свежие,760,280 г,Вегги,./images/9067aef07d47_Овощи_свежие.jpg,https://eda.yandex.ru/r/dvor_1666364801?placeSlug=dvor_
5d764fab4d9f,YD-5d764fab4d9f,Акции,Салат овощной со шпинатом,848,250 г,,./images/5d764fab4d9f_Салат_овощной_со_шпинатом.jpg,https://eda.yandex.ru/r/dvor_1666364801?placeSlug=dvor_
991cd2045acb,YD-991cd2045acb,Акции,Салат с авокадо,856,250 г,Вегги,./images/991cd2045acb_Салат_с_авокадо.jpg,https://eda.yandex.ru/r/dvor_1666364801?placeSlug=dvor_
86fb818de1d6,YD-86fb818de1d6,Акции,Салат из свеклы с козьим сыром,1016,200 г,,./images/86fb818de1d6_Салат_из_свеклы_с_козьим_сыром.jpg,https://eda.yandex.ru/r/dvor_1666364801?placeSlug=dvor_
1d62f20578a1,YD-1d62f20578a1,Акции,Салат с говяжьим языком,872,290 г,,./images/1d62f20578a1_Салат_с_говяжьим_языком.jpg,https://eda.yandex.ru/r/dvor_1666364801?placeSlug=dvor_
ee10d0d102da,YD-ee10d0d102da,Акции,Теплый салат с телятиной и зеленью,976,300 г,Жареное,./images/ee10d0d102da_Теплый_салат_с_телятиной_и_зеленью.jpg,https://eda.yandex.ru/r/dvor_1666364801?placeSlug=dvor_
c3cc71fbaf8d,YD-c3cc71fbaf8d,Акции,Салат хрустящий с баклажаном,616,250 г,,./images/c3cc71fbaf8d_Салат_хрустящий_с_баклажаном.jpg,https://eda.yandex.ru/r/dvor_1666364801?placeSlug=dvor_
c9db2ee3417e,YD-c9db2ee3417e,Акции,Салат «Цезарь» с курицей,1032,250 г,Жареное,./images/c9db2ee3417e_Салат_«Цезарь»_с_курицей.jpg,https://eda.yandex.ru/r/dvor_1666364801?placeSlug=dvor_
533b2e244384,YD-533b2e244384,Акции,Салат «Цезарь» с креветками,1080,250 г,Жареное,./images/533b2e244384_Салат_«Цезарь»_с_креветками.jpg,https://eda.yandex.ru/r/dvor_1666364801?placeSlug=dvor_
c969666fa601,YD-c969666fa601,Акции,Котлеты из телятины,800,180 г,Жареное,./images/c969666fa601_Котлеты_из_телятины.jpg,https://eda.yandex.ru/r/dvor_1666364801?placeSlug=dvor_
d62aeeac8263,YD-d62aeeac8263,Акции,Ассорти из баранины и телятины,7008,2 кг,"На гриле
На компанию",./images/d62aeeac8263_Ассорти_из_баранины_и_телятины.jpg,https://eda.yandex.ru/r/dvor_1666364801?placeSlug=dvor_
5d61313c1407,YD-5d61313c1407,Акции,Кебаб Сет Семёрка,7120,"1,6 г","На гриле
На компанию",./images/5d61313c1407_Кебаб_Сет_Семёрка.jpg,https://eda.yandex.ru/r/dvor_1666364801?placeSlug=dvor_
03ae154ff3b9,YD-03ae154ff3b9,Акции,Мега Сет из Шашлыков,6720,"1,4 г","На гриле
На компанию",./images/03ae154ff3b9_Мега_Сет_из_Шашлыков.jpg,https://eda.yandex.ru/r/dvor_1666364801?placeSlug=dvor_
4d22c00c26f3,YD-4d22c00c26f3,Акции,Мега Сет Шашлыков на Праздник,7480,"1,4 г","На гриле
На компанию",./images/4d22c00c26f3_Мега_Сет_Шашлыков_на_Праздник.jpg,https://eda.yandex.ru/r/dvor_1666364801?placeSlug=dvor_
13e9877b9279,YD-13e9877b9279,Акции,Микс Шашлыков на День Рождения,8984,"2,5 г","На гриле
На компанию",./images/13e9877b9279_Микс_Шашлыков_на_День_Рождения.jpg,https://eda.yandex.ru/r/dvor_1666364801?placeSlug=dvor_
cbd3e7e6a2a9,YD-cbd3e7e6a2a9,Акции,Сет Праздник №1,9640,"3,3 г","На гриле
На компанию",./images/cbd3e7e6a2a9_Сет_Праздник_№1.jpg,https://eda.yandex.ru/r/dvor_1666364801?placeSlug=dvor_
2624d7deff2a,YD-2624d7deff2a,Акции,Сет Шашлыков Овощная Симфония,3984,"2,3 кг","На гриле
На компанию",./images/2624d7deff2a_Сет_Шашлыков_Овощная_Симфония.jpg,https://eda.yandex.ru/r/dvor_1666364801?placeSlug=dvor_
7515f6caa541,YD-7515f6caa541,Акции,Сет из Шашлыков Трио,4696,"1,2 кг","На гриле
На компанию",./images/7515f6caa541_Сет_из_Шашлыков_Трио.jpg,https://eda.yandex.ru/r/dvor_1666364801?placeSlug=dvor_
df89511e2e25,YD-df89511e2e25,Акции,Сет Шашлыков Выгодный,4560,"1,2 кг","На гриле
На компанию",./images/df89511e2e25_Сет_Шашлыков_Выгодный.jpg,https://eda.yandex.ru/r/dvor_1666364801?placeSlug=dvor_
20aea67dd1d0,YD-20aea67dd1d0,Акции,"Сет из Шашлыков, Люля, Кебабовый Микс",4624,"1,3 кг","На гриле
На компанию","./images/20aea67dd1d0_Сет_из_Шашлыков,_Люля,_Кебабовый_Микс.jpg",https://eda.yandex.ru/r/dvor_1666364801?placeSlug=dvor_
7be28be1659f,YD-7be28be1659f,Акции,Сет из Шашлыков Сытный Ужин,5872,"1,6 кг",На гриле,./images/7be28be1659f_Сет_из_Шашлыков_Сытный_Ужин.jpg,https://eda.yandex.ru/r/dvor_1666364801?placeSlug=dvor_
1f32a136f177,YD-1f32a136f177,Акции,Сет Шашлыков на Двоих,3880,"1,1 кг",На гриле,./images/1f32a136f177_Сет_Шашлыков_на_Двоих.jpg,https://eda.yandex.ru/r/dvor_1666364801?placeSlug=dvor_
e157fb305203,YD-e157fb305203,Акции,Сет Шашлык Банкетный,20320,10 кг,"На гриле
На компанию",./images/e157fb305203_Сет_Шашлык_Банкетный.jpg,https://eda.yandex.ru/r/dvor_1666364801?placeSlug=dvor_
bb455d950dfa,YD-bb455d950dfa,Акции,Цыпленок в тандыре,1032,350 г,Запечённое,./images/bb455d950dfa_Цыпленок_в_тандыре.jpg,https://eda.yandex.ru/r/dvor_1666364801?placeSlug=dvor_
f764b00fb6ed,YD-f764b00fb6ed,Акции,Перепелка в тандыре,1160,180 г,Запечённое,./images/f764b00fb6ed_Перепелка_в_тандыре.jpg,https://eda.yandex.ru/r/dvor_1666364801?placeSlug=dvor_
5260c8954acf,YD-5260c8954acf,Акции,Овощная нарезка,1360,800 г,Вегги,./images/5260c8954acf_Овощная_нарезка.jpg,https://eda.yandex.ru/r/dvor_1666364801?placeSlug=dvor_
e701b6918fe4,YD-e701b6918fe4,Акции,Ассорти зелени,704,159 г,Вегги,./images/e701b6918fe4_Ассорти_зелени.jpg,https://eda.yandex.ru/r/dvor_1666364801?placeSlug=dvor_
a20ccd2bd008,YD-a20ccd2bd008,Акции,Соление по-бакински,720,500 г,Вегги,./images/a20ccd2bd008_Соление_по-бакински.jpg,https://eda.yandex.ru/r/dvor_1666364801?placeSlug=dvor_
2b513ec4cd11,YD-2b513ec4cd11,Акции,Огурцы малосольные,584,150 г,Вегги,./images/2b513ec4cd11_Огурцы_малосольные.jpg,https://eda.yandex.ru/r/dvor_1666364801?placeSlug=dvor_
b146565794ec,YD-b146565794ec,Акции,Икра из баклажанов,712,200 г,,./images/b146565794ec_Икра_из_баклажанов.jpg,https://eda.yandex.ru/r/dvor_1666364801?placeSlug=dvor_
12db4a09d0be,YD-12db4a09d0be,Акции,Баклажаны с ореховой начинкой,680,150 г,,./images/12db4a09d0be_Баклажаны_с_ореховой_начинкой.jpg,https://eda.yandex.ru/r/dvor_1666364801?placeSlug=dvor_
b76926ec3e3a,YD-b76926ec3e3a,Акции,Лобио по-грузински,640,220 г,,./images/b76926ec3e3a_Лобио_по-грузински.jpg,https://eda.yandex.ru/r/dvor_1666364801?placeSlug=dvor_
eb795fe21a95,YD-eb795fe21a95,Акции,Мясное ассорти,2304,340 г,,./images/eb795fe21a95_Мясное_ассорти.jpg,https://eda.yandex.ru/r/dvor_1666364801?placeSlug=dvor_
edfd60fe8c8f,YD-edfd60fe8c8f,Акции,Язык говяжий,712,175 г,,./images/edfd60fe8c8f_Язык_говяжий.jpg,https://eda.yandex.ru/r/dvor_1666364801?placeSlug=dvor_
157b0f949fe3,YD-157b0f949fe3,Акции,Куриный рулет,704,175 г,,./images/157b0f949fe3_Куриный_рулет.jpg,https://eda.yandex.ru/r/dvor_1666364801?placeSlug=dvor_
64fe89c338f7,YD-64fe89c338f7,Акции,Сельдь по-московски,712,225 г,,./images/64fe89c338f7_Сельдь_по-московски.jpg,https://eda.yandex.ru/r/dvor_1666364801?placeSlug=dvor_
949889a930c1,YD-949889a930c1,Акции,Салат по-деревенски,680,250 г,Вегги,./images/949889a930c1_Салат_по-деревенски.jpg,https://eda.yandex.ru/r/dvor_1666364801?placeSlug=dvor_
47f941b18b09,YD-47f941b18b09,Акции,Салат из помидоров бычье сердце,736,270 г,Вегги,./images/47f941b18b09_Салат_из_помидоров_бычье_сердце.jpg,https://eda.yandex.ru/r/dvor_1666364801?placeSlug=dvor_
bcd110023bde,YD-bcd110023bde,Акции,Салат капризе,752,290 г,,./images/bcd110023bde_Салат_капризе.jpg,https://eda.yandex.ru/r/dvor_1666364801?placeSlug=dvor_
8b886295e089,YD-8b886295e089,Акции,Салат овощной с сыром сулугуни,872,250 г,,./images/8b886295e089_Салат_овощной_с_сыром_сулугуни.jpg,https://eda.yandex.ru/r/dvor_1666364801?placeSlug=dvor_
4edd66d893a9,YD-4edd66d893a9,Акции,Салат столичный с куриным филе,672,225 г,,./images/4edd66d893a9_Салат_столичный_с_куриным_филе.jpg,https://eda.yandex.ru/r/dvor_1666364801?placeSlug=dvor_
00a8ab5a02e9,YD-00a8ab5a02e9,Акции,Сыр сулугуни жареный,552,200 г,Жареное,./images/00a8ab5a02e9_Сыр_сулугуни_жареный.jpg,https://eda.yandex.ru/r/dvor_1666364801?placeSlug=dvor_
3ef6f8810d24,YD-3ef6f8810d24,Акции,Кюкю с зеленю,640,240 г,Жареное,./images/3ef6f8810d24_Кюкю_с_зеленю.jpg,https://eda.yandex.ru/r/dvor_1666364801?placeSlug=dvor_
fc6f6e4c5002,YD-fc6f6e4c5002,Акции,Яичница,520,150 г,Жареное,./images/fc6f6e4c5002_Яичница.jpg,https://eda.yandex.ru/r/dvor_1666364801?placeSlug=dvor_
e95313ce49fb,YD-e95313ce49fb,Акции,Яичница с помидорами,624,200 г,Жареное,./images/e95313ce49fb_Яичница_с_помидорами.jpg,https://eda.yandex.ru/r/dvor_1666364801?placeSlug=dvor_
360b3ce0ca65,YD-360b3ce0ca65,Акции,Королевские креветки на гриле,1120,180 г,,./images/360b3ce0ca65_Королевские_креветки_на_гриле.jpg,https://eda.yandex.ru/r/dvor_1666364801?placeSlug=dvor_
5bed20022b10,YD-5bed20022b10,Акции,Суп-пюре из чечевицы,616,340 г,,./images/5bed20022b10_Суп-пюре_из_чечевицы.jpg,https://eda.yandex.ru/r/dvor_1666364801?placeSlug=dvor_
f3e6ed1a2ccb,YD-f3e6ed1a2ccb,Акции,Крем-суп из шампиньонов,608,320 г,,./images/f3e6ed1a2ccb_Крем-суп_из_шампиньонов.jpg,https://eda.yandex.ru/r/dvor_1666364801?placeSlug=dvor_
3c2347206a95,YD-3c2347206a95,Акции,Куриный суп-лапша,624,300 г,,./images/3c2347206a95_Куриный_суп-лапша.jpg,https://eda.yandex.ru/r/dvor_1666364801?placeSlug=dvor_
589b7a993b8d,YD-589b7a993b8d,Акции,Борщ с телятиной,624,340 г,,./images/589b7a993b8d_Борщ_с_телятиной.jpg,https://eda.yandex.ru/r/dvor_1666364801?placeSlug=dvor_
9d4d66ab25ad,YD-9d4d66ab25ad,Акции,Суп харчо,632,300 г,,./images/9d4d66ab25ad_Суп_харчо.jpg,https://eda.yandex.ru/r/dvor_1666364801?placeSlug=dvor_
f3f058532733,YD-f3f058532733,Акции,Соютма из баранины,792,350 г,,./images/f3f058532733_Соютма_из_баранины.jpg,https://eda.yandex.ru/r/dvor_1666364801?placeSlug=dvor_
8d118777d414,YD-8d118777d414,Акции,Суп кюфта-бозбаш,744,300 г,,./images/8d118777d414_Суп_кюфта-бозбаш.jpg,https://eda.yandex.ru/r/dvor_1666364801?placeSlug=dvor_
d76727658077,YD-d76727658077,Акции,Суп Пити,784,330 г,,./images/d76727658077_Суп_Пити.jpg,https://eda.yandex.ru/r/dvor_1666364801?placeSlug=dvor_
9bbb93bee8c6,YD-9bbb93bee8c6,Акции,Ассорти мясо на Садже,4792,"1,5 кг","Жареное
На компанию",./images/9bbb93bee8c6_Ассорти_мясо_на_Садже.jpg,https://eda.yandex.ru/r/dvor_1666364801?placeSlug=dvor_
43808b7a9749,YD-43808b7a9749,Акции,Жаркое из баранины с овощами,3200,900 г,Жареное,./images/43808b7a9749_Жаркое_из_баранины_с_овощами.jpg,https://eda.yandex.ru/r/dvor_1666364801?placeSlug=dvor_
690f619eb978,YD-690f619eb978,Акции,Тава Кебаб,552,270 г,Жареное,./images/690f619eb978_Тава_Кебаб.jpg,https://eda.yandex.ru/r/dvor_1666364801?placeSlug=dvor_
5df893b4a91e,YD-5df893b4a91e,Акции,Джиз быз,744,340 г,Жареное,./images/5df893b4a91e_Джиз_быз.jpg,https://eda.yandex.ru/r/dvor_1666364801?placeSlug=dvor_
fe2c769e5810,YD-fe2c769e5810,Акции,Долма с виноградными листьями,864,280 г,Запечённое,./images/fe2c769e5810_Долма_с_виноградными_листьями.jpg,https://eda.yandex.ru/r/dvor_1666364801?placeSlug=dvor_
9de4431be68e,YD-9de4431be68e,Акции,Долма по-азербайджански,944,350 г,,./images/9de4431be68e_Долма_по-азербайджански.jpg,https://eda.yandex.ru/r/dvor_1666364801?placeSlug=dvor_
3e7339026f15,YD-3e7339026f15,Акции,Телятина по-строгановски,784,200 г,Жареное,./images/3e7339026f15_Телятина_по-строгановски.jpg,https://eda.yandex.ru/r/dvor_1666364801?placeSlug=dvor_
675841c7d21d,YD-675841c7d21d,Акции,Вырезка по-царски,1080,300 г,Жареное,./images/675841c7d21d_Вырезка_по-царски.jpg,https://eda.yandex.ru/r/dvor_1666364801?placeSlug=dvor_
217a35f3cc53,YD-217a35f3cc53,Акции,Хашлама из баранины,800,550 г,Запечённое,./images/217a35f3cc53_Хашлама_из_баранины.jpg,https://eda.yandex.ru/r/dvor_1666364801?placeSlug=dvor_
5a3464b2e621,YD-5a3464b2e621,Акции,Куриные котлеты,632,200 г,,./images/5a3464b2e621_Куриные_котлеты.jpg,https://eda.yandex.ru/r/dvor_1666364801?placeSlug=dvor_
71b916bd5beb,YD-71b916bd5beb,Акции,Перепелка табака,1032,220 г,Жареное,./images/71b916bd5beb_Перепелка_табака.jpg,https://eda.yandex.ru/r/dvor_1666364801?placeSlug=dvor_
14dcce1bc048,YD-14dcce1bc048,Акции,Цыплёнок табака,792,350 г,Жареное,./images/14dcce1bc048_Цыплёнок_табака.jpg,https://eda.yandex.ru/r/dvor_1666364801?placeSlug=dvor_
31014958ccf6,YD-31014958ccf6,Акции,Сёмга жареная,2312,270 г,Жареное,./images/31014958ccf6_Сёмга_жареная.jpg,https://eda.yandex.ru/r/dvor_1666364801?placeSlug=dvor_
359acb50e8d0,YD-359acb50e8d0,Акции,Судак жареный,856,180 г,Жареное,./images/359acb50e8d0_Судак_жареный.jpg,https://eda.yandex.ru/r/dvor_1666364801?placeSlug=dvor_
0e1c06d908da,YD-0e1c06d908da,Акции,Форель речная жареный,880,220 г,Жареное,./images/0e1c06d908da_Форель_речная_жареный.jpg,https://eda.yandex.ru/r/dvor_1666364801?placeSlug=dvor_
30add270eaa6,YD-30add270eaa6,Акции,Сибас жареный,1224,280 г,Жареное,./images/30add270eaa6_Сибас_жареный.jpg,https://eda.yandex.ru/r/dvor_1666364801?placeSlug=dvor_
7d4e529661d9,YD-7d4e529661d9,Акции,Дорадо жареное,960,300 г,Жареное,./images/7d4e529661d9_Дорадо_жареное.jpg,https://eda.yandex.ru/r/dvor_1666364801?placeSlug=dvor_
6d45d71d163b,YD-6d45d71d163b,Акции,Телятина по-домашнему,792,350 г,,./images/6d45d71d163b_Телятина_по-домашнему.jpg,https://eda.yandex.ru/r/dvor_1666364801?placeSlug=dvor_
f9d3c1ed1728,YD-f9d3c1ed1728,Ассорти Шашлыков на Компанию,Ассорти шашлыков из рыб с овощами,6160,"1,3 кг",На гриле,./images/f9d3c1ed1728_Ассорти_шашлыков_из_рыб_с_овощами.jpg,https://eda.yandex.ru/r/dvor_1666364801?placeSlug=dvor_
4eacb2be0d19,YD-4eacb2be0d19,Ассорти Шашлыков на Компанию,Ассорти из баранины и телятины,7008,2 кг,"На гриле
На компанию",./images/4eacb2be0d19_Ассорти_из_баранины_и_телятины.jpg,https://eda.yandex.ru/r/dvor_1666364801?placeSlug=dvor_
f72aa37ba0f2,YD-f72aa37ba0f2,Ассорти Шашлыков на Компанию,Кебаб Сет Семёрка,7120,"1,6 г","На гриле
На компанию",./images/f72aa37ba0f2_Кебаб_Сет_Семёрка.jpg,https://eda.yandex.ru/r/dvor_1666364801?placeSlug=dvor_
2d53f64de8b2,YD-2d53f64de8b2,Ассорти Шашлыков на Компанию,Мега Сет из Шашлыков,6720,"1,4 г","На гриле
На компанию",./images/2d53f64de8b2_Мега_Сет_из_Шашлыков.jpg,https://eda.yandex.ru/r/dvor_1666364801?placeSlug=dvor_
f4d58c9d2a19,YD-f4d58c9d2a19,Ассорти Шашлыков на Компанию,Мега Сет Шашлыков на Праздник,7480,"1,4 г","На гриле
На компанию",./images/f4d58c9d2a19_Мега_Сет_Шашлыков_на_Праздник.jpg,https://eda.yandex.ru/r/dvor_1666364801?placeSlug=dvor_
acde171a17af,YD-acde171a17af,Ассорти Шашлыков на Компанию,Микс Шашлыков на День Рождения,8984,"2,5 г","На гриле
На компанию",./images/acde171a17af_Микс_Шашлыков_на_День_Рождения.jpg,https://eda.yandex.ru/r/dvor_1666364801?placeSlug=dvor_
71c9b683ca28,YD-71c9b683ca28,Ассорти Шашлыков на Компанию,Сет из Барашка и Телёнка с Овощами,6880,"1,8 кг","На гриле
На компанию",./images/71c9b683ca28_Сет_из_Барашка_и_Телёнка_с_Овощами.jpg,https://eda.yandex.ru/r/dvor_1666364801?placeSlug=dvor_
3ae58bf4024b,YD-3ae58bf4024b,Ассорти Шашлыков на Компанию,Сет Праздник №1,9640,"3,3 г","На гриле
На компанию",./images/3ae58bf4024b_Сет_Праздник_№1.jpg,https://eda.yandex.ru/r/dvor_1666364801?placeSlug=dvor_
27f9c8ee7b14,YD-27f9c8ee7b14,Ассорти Шашлыков на Компанию,Сет Шашлыков Овощная Симфония,3984,"2,3 кг","На гриле
На компанию",./images/27f9c8ee7b14_Сет_Шашлыков_Овощная_Симфония.jpg,https://eda.yandex.ru/r/dvor_1666364801?placeSlug=dvor_
d751f2b439e5,YD-d751f2b439e5,Ассорти Шашлыков на Компанию,Сет из Шашлыков Трио,4696,"1,2 кг","На гриле
На компанию",./images/d751f2b439e5_Сет_из_Шашлыков_Трио.jpg,https://eda.yandex.ru/r/dvor_1666364801?placeSlug=dvor_
b11423567a58,YD-b11423567a58,Ассорти Шашлыков на Компанию,Сет Шашлыков Выгодный,4560,"1,2 кг","На гриле
На компанию",./images/b11423567a58_Сет_Шашлыков_Выгодный.jpg,https://eda.yandex.ru/r/dvor_1666364801?placeSlug=dvor_
0271d378748f,YD-0271d378748f,Ассорти Шашлыков на Компанию,"Сет из Шашлыков, Люля, Кебабовый Микс",4624,"1,3 кг","На гриле
На компанию","./images/0271d378748f_Сет_из_Шашлыков,_Люля,_Кебабовый_Микс.jpg",https://eda.yandex.ru/r/dvor_1666364801?placeSlug=dvor_
a4f98c1568af,YD-a4f98c1568af,Ассорти Шашлыков на Компанию,Сет из Шашлыков Сытный Ужин,5872,"1,6 кг",На гриле,./images/a4f98c1568af_Сет_из_Шашлыков_Сытный_Ужин.jpg,https://eda.yandex.ru/r/dvor_1666364801?placeSlug=dvor_
318a7c8595e7,YD-318a7c8595e7,Ассорти Шашлыков на Компанию,Сет Шашлыков на Двоих,3880,"1,1 кг",На гриле,./images/318a7c8595e7_Сет_Шашлыков_на_Двоих.jpg,https://eda.yandex.ru/r/dvor_1666364801?placeSlug=dvor_
817509bc590b,YD-817509bc590b,Ассорти Шашлыков на Компанию,Сет Шашлык Банкетный,20320,10 кг,"На гриле
На компанию",./images/817509bc590b_Сет_Шашлык_Банкетный.jpg,https://eda.yandex.ru/r/dvor_1666364801?placeSlug=dvor_
28d6009fd624,YD-28d6009fd624,Блюда из Тандыра,Цыпленок в тандыре,1032,350 г,Запечённое,./images/28d6009fd624_Цыпленок_в_тандыре.jpg,https://eda.yandex.ru/r/dvor_1666364801?placeSlug=dvor_
a9752d2d8bb9,YD-a9752d2d8bb9,Блюда из Тандыра,Перепелка в тандыре,1160,180 г,Запечённое,./images/a9752d2d8bb9_Перепелка_в_тандыре.jpg,https://eda.yandex.ru/r/dvor_1666364801?placeSlug=dvor_
f401a22b6747,YD-f401a22b6747,Закуски,Помидоры бычье сердце,656,150 г,,./images/f401a22b6747_Помидоры_бычье_сердце.jpg,https://eda.yandex.ru/r/dvor_1666364801?placeSlug=dvor_
2f97177d75e5,YD-2f97177d75e5,Закуски,Овощи свежие,760,280 г,Вегги,./images/2f97177d75e5_Овощи_свежие.jpg,https://eda.yandex.ru/r/dvor_1666364801?placeSlug=dvor_
dfa79a3c5dbf,YD-dfa79a3c5dbf,Закуски,Овощная нарезка,1360,800 г,Вегги,./images/dfa79a3c5dbf_Овощная_нарезка.jpg,https://eda.yandex.ru/r/dvor_1666364801?placeSlug=dvor_
b16fbb584fa9,YD-b16fbb584fa9,Закуски,Ассорти зелени,704,159 г,Вегги,./images/b16fbb584fa9_Ассорти_зелени.jpg,https://eda.yandex.ru/r/dvor_1666364801?placeSlug=dvor_
2c9021446d0a,YD-2c9021446d0a,Закуски,Соление по-бакински,720,500 г,Вегги,./images/2c9021446d0a_Соление_по-бакински.jpg,https://eda.yandex.ru/r/dvor_1666364801?placeSlug=dvor_
b09d39dc50bc,YD-b09d39dc50bc,Закуски,Огурцы малосольные,584,150 г,Вегги,./images/b09d39dc50bc_Огурцы_малосольные.jpg,https://eda.yandex.ru/r/dvor_1666364801?placeSlug=dvor_
11e6c0d31d9e,YD-11e6c0d31d9e,Закуски,Икра из баклажанов,712,200 г,,./images/11e6c0d31d9e_Икра_из_баклажанов.jpg,https://eda.yandex.ru/r/dvor_1666364801?placeSlug=dvor_
bac1af797860,YD-bac1af797860,Закуски,Баклажаны с ореховой начинкой,680,150 г,,./images/bac1af797860_Баклажаны_с_ореховой_начинкой.jpg,https://eda.yandex.ru/r/dvor_1666364801?placeSlug=dvor_
7618cee859cd,YD-7618cee859cd,Закуски,Лобио по-грузински,640,220 г,,./images/7618cee859cd_Лобио_по-грузински.jpg,https://eda.yandex.ru/r/dvor_1666364801?placeSlug=dvor_
fdeff274467a,YD-fdeff274467a,Закуски,Мясное ассорти,2304,340 г,,./images/fdeff274467a_Мясное_ассорти.jpg,https://eda.yandex.ru/r/dvor_1666364801?placeSlug=dvor_
1528cde6a29b,YD-1528cde6a29b,Закуски,Язык говяжий,712,175 г,,./images/1528cde6a29b_Язык_говяжий.jpg,https://eda.yandex.ru/r/dvor_1666364801?placeSlug=dvor_
f56eea377735,YD-f56eea377735,Закуски,Куриный рулет,704,175 г,,./images/f56eea377735_Куриный_рулет.jpg,https://eda.yandex.ru/r/dvor_1666364801?placeSlug=dvor_
41cd3dc55c8c,YD-41cd3dc55c8c,Закуски,Сельдь по-московски,712,225 г,,./images/41cd3dc55c8c_Сельдь_по-московски.jpg,https://eda.yandex.ru/r/dvor_1666364801?placeSlug=dvor_
7077a7d92ce8,YD-7077a7d92ce8,Салаты,Салат по-деревенски,680,250 г,Вегги,./images/7077a7d92ce8_Салат_по-деревенски.jpg,https://eda.yandex.ru/r/dvor_1666364801?placeSlug=dvor_
150edcc6cda0,YD-150edcc6cda0,Салаты,Салат из помидоров бычье сердце,736,270 г,Вегги,./images/150edcc6cda0_Салат_из_помидоров_бычье_сердце.jpg,https://eda.yandex.ru/r/dvor_1666364801?placeSlug=dvor_
bc1a566051d1,YD-bc1a566051d1,Салаты,Салат овощной со шпинатом,848,250 г,,./images/bc1a566051d1_Салат_овощной_со_шпинатом.jpg,https://eda.yandex.ru/r/dvor_1666364801?placeSlug=dvor_
9e73956a5b34,YD-9e73956a5b34,Салаты,Салат с авокадо,856,250 г,Вегги,./images/9e73956a5b34_Салат_с_авокадо.jpg,https://eda.yandex.ru/r/dvor_1666364801?placeSlug=dvor_
ea6433014a36,YD-ea6433014a36,Салаты,Салат капризе,752,290 г,,./images/ea6433014a36_Салат_капризе.jpg,https://eda.yandex.ru/r/dvor_1666364801?placeSlug=dvor_
61dda4fad944,YD-61dda4fad944,Салаты,Салат овощной с сыром сулугуни,872,250 г,,./images/61dda4fad944_Салат_овощной_с_сыром_сулугуни.jpg,https://eda.yandex.ru/r/dvor_1666364801?placeSlug=dvor_
eb271bdb4c7f,YD-eb271bdb4c7f,Салаты,Салат из свеклы с козьим сыром,1016,200 г,,./images/eb271bdb4c7f_Салат_из_свеклы_с_козьим_сыром.jpg,https://eda.yandex.ru/r/dvor_1666364801?placeSlug=dvor_
31fb938624bf,YD-31fb938624bf,Салаты,Салат с говяжьим языком,872,290 г,,./images/31fb938624bf_Салат_с_говяжьим_языком.jpg,https://eda.yandex.ru/r/dvor_1666364801?placeSlug=dvor_
6b5bdb2b835b,YD-6b5bdb2b835b,Салаты,Теплый салат с телятиной и зеленью,976,300 г,Жареное,./images/6b5bdb2b835b_Теплый_салат_с_телятиной_и_зеленью.jpg,https://eda.yandex.ru/r/dvor_1666364801?placeSlug=dvor_
4be2df70256e,YD-4be2df70256e,Салаты,Салат хрустящий с баклажаном,616,250 г,,./images/4be2df70256e_Салат_хрустящий_с_баклажаном.jpg,https://eda.yandex.ru/r/dvor_1666364801?placeSlug=dvor_
8047488d54f2,YD-8047488d54f2,Салаты,Салат столичный с куриным филе,672,225 г,,./images/8047488d54f2_Салат_столичный_с_куриным_филе.jpg,https://eda.yandex.ru/r/dvor_1666364801?placeSlug=dvor_
3f58a9b345f3,YD-3f58a9b345f3,Салаты,Салат «Цезарь» с курицей,1032,250 г,Жареное,./images/3f58a9b345f3_Салат_«Цезарь»_с_курицей.jpg,https://eda.yandex.ru/r/dvor_1666364801?placeSlug=dvor_
d83417fed223,YD-d83417fed223,Салаты,Салат «Цезарь» с креветками,1080,250 г,Жареное,./images/d83417fed223_Салат_«Цезарь»_с_креветками.jpg,https://eda.yandex.ru/r/dvor_1666364801?placeSlug=dvor_
5b5b5b99dacd,YD-5b5b5b99dacd,Горячие закуски,Сыр сулугуни жареный,552,200 г,Жареное,./images/5b5b5b99dacd_Сыр_сулугуни_жареный.jpg,https://eda.yandex.ru/r/dvor_1666364801?placeSlug=dvor_
c2c4cc78ee28,YD-c2c4cc78ee28,Горячие закуски,Кюкю с зеленю,640,240 г,Жареное,./images/c2c4cc78ee28_Кюкю_с_зеленю.jpg,https://eda.yandex.ru/r/dvor_1666364801?placeSlug=dvor_
926c6681753a,YD-926c6681753a,Горячие закуски,Яичница,520,150 г,Жареное,./images/926c6681753a_Яичница.jpg,https://eda.yandex.ru/r/dvor_1666364801?placeSlug=dvor_
91addc0851c0,YD-91addc0851c0,Горячие закуски,Яичница с помидорами,624,200 г,Жареное,./images/91addc0851c0_Яичница_с_помидорами.jpg,https://eda.yandex.ru/r/dvor_1666364801?placeSlug=dvor_
7130bf9e5624,YD-7130bf9e5624,Горячие закуски,Королевские креветки на гриле,1120,180 г,,./images/7130bf9e5624_Королевские_креветки_на_гриле.jpg,https://eda.yandex.ru/r/dvor_1666364801?placeSlug=dvor_
66f62d6ae2fb,YD-66f62d6ae2fb,Супы,Суп-пюре из чечевицы,616,340 г,,./images/66f62d6ae2fb_Суп-пюре_из_чечевицы.jpg,https://eda.yandex.ru/r/dvor_1666364801?placeSlug=dvor_
f1d6a4795480,YD-f1d6a4795480,Супы,Крем-суп из шампиньонов,608,320 г,,./images/f1d6a4795480_Крем-суп_из_шампиньонов.jpg,https://eda.yandex.ru/r/dvor_1666364801?placeSlug=dvor_
8ada05efb733,YD-8ada05efb733,Супы,Куриный суп-лапша,624,300 г,,./images/8ada05efb733_Куриный_суп-лапша.jpg,https://eda.yandex.ru/r/dvor_1666364801?placeSlug=dvor_
7acf8a2d2282,YD-7acf8a2d2282,Супы,Борщ с телятиной,624,340 г,,./images/7acf8a2d2282_Борщ_с_телятиной.jpg,https://eda.yandex.ru/r/dvor_1666364801?placeSlug=dvor_
473be11a915a,YD-473be11a915a,Супы,Суп харчо,632,300 г,,./images/473be11a915a_Суп_харчо.jpg,https://eda.yandex.ru/r/dvor_1666364801?placeSlug=dvor_
c24e0a95b4ae,YD-c24e0a95b4ae,Супы,Соютма из баранины,792,350 г,,./images/c24e0a95b4ae_Соютма_из_баранины.jpg,https://eda.yandex.ru/r/dvor_1666364801?placeSlug=dvor_
fb40933ff672,YD-fb40933ff672,Супы,Суп кюфта-бозбаш,744,300 г,,./images/fb40933ff672_Суп_кюфта-бозбаш.jpg,https://eda.yandex.ru/r/dvor_1666364801?placeSlug=dvor_
54d526cb444e,YD-54d526cb444e,Супы,Суп Пити,784,330 г,,./images/54d526cb444e_Суп_Пити.jpg,https://eda.yandex.ru/r/dvor_1666364801?placeSlug=dvor_
9ab3ae02d76b,YD-9ab3ae02d76b,Горячие блюда,Ассорти мясо на Садже,4792,"1,5 кг","Жареное
На компанию",./images/9ab3ae02d76b_Ассорти_мясо_на_Садже.jpg,https://eda.yandex.ru/r/dvor_1666364801?placeSlug=dvor_
d0bfbc582cc7,YD-d0bfbc582cc7,Горячие блюда,Жаркое из баранины с овощами,3200,900 г,Жареное,./images/d0bfbc582cc7_Жаркое_из_баранины_с_овощами.jpg,https://eda.yandex.ru/r/dvor_1666364801?placeSlug=dvor_
2a5e0a8835a2,YD-2a5e0a8835a2,Горячие блюда,Тава Кебаб,552,270 г,Жареное,./images/2a5e0a8835a2_Тава_Кебаб.jpg,https://eda.yandex.ru/r/dvor_1666364801?placeSlug=dvor_
c25023570c65,YD-c25023570c65,Горячие блюда,Джиз быз,744,340 г,Жареное,./images/c25023570c65_Джиз_быз.jpg,https://eda.yandex.ru/r/dvor_1666364801?placeSlug=dvor_
38d478fbe2d5,YD-38d478fbe2d5,Горячие блюда,Долма с виноградными листьями,864,280 г,Запечённое,./images/38d478fbe2d5_Долма_с_виноградными_листьями.jpg,https://eda.yandex.ru/r/dvor_1666364801?placeSlug=dvor_
c2d38a9be0e5,YD-c2d38a9be0e5,Горячие блюда,Долма по-азербайджански,944,350 г,,./images/c2d38a9be0e5_Долма_по-азербайджански.jpg,https://eda.yandex.ru/r/dvor_1666364801?placeSlug=dvor_
dad9feee4807,YD-dad9feee4807,Горячие блюда,Телятина по-строгановски,784,200 г,Жареное,./images/dad9feee4807_Телятина_по-строгановски.jpg,https://eda.yandex.ru/r/dvor_1666364801?placeSlug=dvor_
3d7310856b65,YD-3d7310856b65,Горячие блюда,Вырезка по-царски,1080,300 г,Жареное,./images/3d7310856b65_Вырезка_по-царски.jpg,https://eda.yandex.ru/r/dvor_1666364801?placeSlug=dvor_
d562545760f7,YD-d562545760f7,Горячие блюда,Котлеты из телятины,800,180 г,Жареное,./images/d562545760f7_Котлеты_из_телятины.jpg,https://eda.yandex.ru/r/dvor_1666364801?placeSlug=dvor_
b8999636e428,YD-b8999636e428,Горячие блюда,Хашлама из баранины,800,550 г,Запечённое,./images/b8999636e428_Хашлама_из_баранины.jpg,https://eda.yandex.ru/r/dvor_1666364801?placeSlug=dvor_
a1da5d432c4b,YD-a1da5d432c4b,Горячие блюда,Куриные котлеты,632,200 г,,./images/a1da5d432c4b_Куриные_котлеты.jpg,https://eda.yandex.ru/r/dvor_1666364801?placeSlug=dvor_
6163b307090d,YD-6163b307090d,Горячие блюда,Перепелка табака,1032,220 г,Жареное,./images/6163b307090d_Перепелка_табака.jpg,https://eda.yandex.ru/r/dvor_1666364801?placeSlug=dvor_
a41de24e2aaa,YD-a41de24e2aaa,Горячие блюда,Цыплёнок табака,792,350 г,Жареное,./images/a41de24e2aaa_Цыплёнок_табака.jpg,https://eda.yandex.ru/r/dvor_1666364801?placeSlug=dvor_
6a110160cac8,YD-6a110160cac8,Горячие блюда,Сёмга жареная,2312,270 г,Жареное,./images/6a110160cac8_Сёмга_жареная.jpg,https://eda.yandex.ru/r/dvor_1666364801?placeSlug=dvor_
bc90668f633f,YD-bc90668f633f,Горячие блюда,Судак жареный,856,180 г,Жареное,./images/bc90668f633f_Судак_жареный.jpg,https://eda.yandex.ru/r/dvor_1666364801?placeSlug=dvor_
7556cc7ede38,YD-7556cc7ede38,Горячие блюда,Форель речная жареный,880,220 г,Жареное,./images/7556cc7ede38_Форель_речная_жареный.jpg,https://eda.yandex.ru/r/dvor_1666364801?placeSlug=dvor_
228b7d96acc6,YD-228b7d96acc6,Горячие блюда,Сибас жареный,1224,280 г,Жареное,./images/228b7d96acc6_Сибас_жареный.jpg,https://eda.yandex.ru/r/dvor_1666364801?placeSlug=dvor_
d4e2836a9b85,YD-d4e2836a9b85,Горячие блюда,Дорадо жареное,960,300 г,Жареное,./images/d4e2836a9b85_Дорадо_жареное.jpg,https://eda.yandex.ru/r/dvor_1666364801?placeSlug=dvor_
161684f98605,YD-161684f98605,Горячие блюда,Телятина по-домашнему,792,350 г,,./images/161684f98605_Телятина_по-домашнему.jpg,https://eda.yandex.ru/r/dvor_1666364801?placeSlug=dvor_
673dda756907,YD-673dda756907,Горячие блюда,Баранина по-домашнему,1032,350 г,,./images/673dda756907_Баранина_по-домашнему.jpg,https://eda.yandex.ru/r/dvor_1666364801?placeSlug=dvor_
4127abfec517,YD-4127abfec517,Горячие блюда,Перепелка по-домашнему,1160,350 г,,./images/4127abfec517_Перепелка_по-домашнему.jpg,https://eda.yandex.ru/r/dvor_1666364801?placeSlug=dvor_
28a780d2c4ac,YD-28a780d2c4ac,Горячие блюда,Цыпленок по-домашнему,712,350 г,Жареное,./images/28a780d2c4ac_Цыпленок_по-домашнему.jpg,https://eda.yandex.ru/r/dvor_1666364801?placeSlug=dvor_
a3eaae67576c,YD-a3eaae67576c,Шашлык & Гриль,Шашлык овощное ассорти,560,180 г,На гриле,./images/a3eaae67576c_Шашлык_овощное_ассорти.jpg,https://eda.yandex.ru/r/dvor_1666364801?placeSlug=dvor_
6cc0d15b35f8,YD-6cc0d15b35f8,Шашлык & Гриль,Шашлык из Грибов,560,150 г,На гриле,./images/6cc0d15b35f8_Шашлык_из_Грибов.jpg,https://eda.yandex.ru/r/dvor_1666364801?placeSlug=dvor_
9a04cb8dd0d7,YD-9a04cb8dd0d7,Шашлык & Гриль,Люля-кебаб из картофеля,552,160 г,На гриле,./images/9a04cb8dd0d7_Люля-кебаб_из_картофеля.jpg,https://eda.yandex.ru/r/dvor_1666364801?placeSlug=dvor_
07c4e1686de6,YD-07c4e1686de6,Шашлык & Гриль,Шашлык из картофеля,472,150 г,На гриле,./images/07c4e1686de6_Шашлык_из_картофеля.jpg,https://eda.yandex.ru/r/dvor_1666364801?placeSlug=dvor_
fa3f4854d254,YD-fa3f4854d254,Шашлык & Гриль,Шашлык из картофеля с курдюком,472,160 г,На гриле,./images/fa3f4854d254_Шашлык_из_картофеля_с_курдюком.jpg,https://eda.yandex.ru/r/dvor_1666364801?placeSlug=dvor_
40a3e0e77902,YD-40a3e0e77902,Шашлык & Гриль,Шашлык из баклажанов с курдюком,552,120 г,На гриле,./images/40a3e0e77902_Шашлык_из_баклажанов_с_курдюком.jpg,https://eda.yandex.ru/r/dvor_1666364801?placeSlug=dvor_
8d622d980dac,YD-8d622d980dac,Шашлык & Гриль,Шашлык из сладкого перца,392,100 г,На гриле,./images/8d622d980dac_Шашлык_из_сладкого_перца.jpg,https://eda.yandex.ru/r/dvor_1666364801?placeSlug=dvor_
0a4b455174fd,YD-0a4b455174fd,Шашлык & Гриль,Шашлык из свежих помидоров,392,100 г,На гриле,./images/0a4b455174fd_Шашлык_из_свежих_помидоров.jpg,https://eda.yandex.ru/r/dvor_1666364801?placeSlug=dvor_
8f4e8dd2e384,YD-8f4e8dd2e384,Шашлык & Гриль,Шашлык из острого перца,400,50 г,На гриле,https://eda.yandex/images/20193126/da661b6621004edcbda4edb7e5721c01-300x300.jpeg,https://eda.yandex.ru/r/dvor_1666364801?placeSlug=dvor_
9bf1c7df942b,YD-9bf1c7df942b,Шашлык & Гриль,Шашлык из свиных ребер,720,180 г,На гриле,./images/9bf1c7df942b_Шашлык_из_свиных_ребер.jpg,https://eda.yandex.ru/r/dvor_1666364801?placeSlug=dvor_
ccd40337990d,YD-ccd40337990d,Шашлык & Гриль,Шашлык из свиной мякоти,792,170 г,На гриле,./images/ccd40337990d_Шашлык_из_свиной_мякоти.jpg,https://eda.yandex.ru/r/dvor_1666364801?placeSlug=dvor_
c1ea5346d5b9,YD-c1ea5346d5b9,Шашлык & Гриль,Шашлык из курдюка,944,120 г,На гриле,./images/c1ea5346d5b9_Шашлык_из_курдюка.jpg,https://eda.yandex.ru/r/dvor_1666364801?placeSlug=dvor_
7bab697b2f41,YD-7bab697b2f41,Шашлык & Гриль,Люля-кебаб из баранины,792,180 г,На гриле,./images/7bab697b2f41_Люля-кебаб_из_баранины.jpg,https://eda.yandex.ru/r/dvor_1666364801?placeSlug=dvor_
a2847b4b8bf2,YD-a2847b4b8bf2,Шашлык & Гриль,Шашлык из бараньих почек,712,160 г,На гриле,./images/a2847b4b8bf2_Шашлык_из_бараньих_почек.jpg,https://eda.yandex.ru/r/dvor_1666364801?placeSlug=dvor_
652e13802c97,YD-652e13802c97,Шашлык & Гриль,Хан-кебаб по-кавказски,704,180 г,На гриле,./images/652e13802c97_Хан-кебаб_по-кавказски.jpg,https://eda.yandex.ru/r/dvor_1666364801?placeSlug=dvor_
7c73bd99ec66,YD-7c73bd99ec66,Шашлык & Гриль,Шашлык из бараньего сердца,872,140 г,На гриле,./images/7c73bd99ec66_Шашлык_из_бараньего_сердца.jpg,https://eda.yandex.ru/r/dvor_1666364801?placeSlug=dvor_
a0a73227fb6c,YD-a0a73227fb6c,Шашлык & Гриль,Шашлык из бараньей печени с курдюком,784,150 г,На гриле,./images/a0a73227fb6c_Шашлык_из_бараньей_печени_с_курдюком.jpg,https://eda.yandex.ru/r/dvor_1666364801?placeSlug=dvor_
934e47540283,YD-934e47540283,Шашлык & Гриль,"Шашлык из баранины, семечки",864,150 г,На гриле,"./images/934e47540283_Шашлык_из_баранины,_семечки.jpg",https://eda.yandex.ru/r/dvor_1666364801?placeSlug=dvor_
0245dd2c4e37,YD-0245dd2c4e37,Шашлык & Гриль,Шашлык из бараньих семенников,712,150 г,На гриле,./images/0245dd2c4e37_Шашлык_из_бараньих_семенников.jpg,https://eda.yandex.ru/r/dvor_1666364801?placeSlug=dvor_
591ede543b4e,YD-591ede543b4e,Шашлык & Гриль,Шашлык из бараньей корейки,952,160 г,На гриле,./images/591ede543b4e_Шашлык_из_бараньей_корейки.jpg,https://eda.yandex.ru/r/dvor_1666364801?placeSlug=dvor_
67045f940fb6,YD-67045f940fb6,Шашлык & Гриль,Шашлык из бараньей мякоти,792,160 г,На гриле,./images/67045f940fb6_Шашлык_из_бараньей_мякоти.jpg,https://eda.yandex.ru/r/dvor_1666364801?placeSlug=dvor_
bc1c852e96e3,YD-bc1c852e96e3,Шашлык & Гриль,Шашлык из бараньей почечной части,952,150 г,На гриле,./images/bc1c852e96e3_Шашлык_из_бараньей_почечной_части.jpg,https://eda.yandex.ru/r/dvor_1666364801?placeSlug=dvor_
585d82d511e2,YD-585d82d511e2,Шашлык & Гриль,Шашлык из говяжьей вырезки (бастурма),1080,180 г,На гриле,./images/585d82d511e2_Шашлык_из_говяжьей_вырезки_(бастурма).jpg,https://eda.yandex.ru/r/dvor_1666364801?placeSlug=dvor_
b8aaea8c228c,YD-b8aaea8c228c,Шашлык & Гриль,Люля-кебаб из телятины,952,160 г,На гриле,./images/b8aaea8c228c_Люля-кебаб_из_телятины.jpg,https://eda.yandex.ru/r/dvor_1666364801?placeSlug=dvor_
972cad519ba7,YD-972cad519ba7,Шашлык & Гриль,Люля-кебаб из курицы,792,160 г,На гриле,./images/972cad519ba7_Люля-кебаб_из_курицы.jpg,https://eda.yandex.ru/r/dvor_1666364801?placeSlug=dvor_
9f37f2106f9e,YD-9f37f2106f9e,Шашлык & Гриль,Шашлык из курицы,632,200 г,На гриле,./images/9f37f2106f9e_Шашлык_из_курицы.jpg,https://eda.yandex.ru/r/dvor_1666364801?placeSlug=dvor_
c6856a19744a,YD-c6856a19744a,Шашлык & Гриль,Шашлык из семги,1800,150 г,,./images/c6856a19744a_Шашлык_из_семги.jpg,https://eda.yandex.ru/r/dvor_1666364801?placeSlug=dvor_
06843480547f,YD-06843480547f,Шашлык & Гриль,Шашлык из осетрины,3600,180 г,На гриле,./images/06843480547f_Шашлык_из_осетрины.jpg,https://eda.yandex.ru/r/dvor_1666364801?placeSlug=dvor_
23b8506282e3,YD-23b8506282e3,Шашлык & Гриль,Форель речная на мангале,1200,300 г,,./images/23b8506282e3_Форель_речная_на_мангале.jpg,https://eda.yandex.ru/r/dvor_1666364801?placeSlug=dvor_
5d791a20bd32,YD-5d791a20bd32,Шашлык & Гриль,Дорадо на мангале,1248,350 г,,./images/5d791a20bd32_Дорадо_на_мангале.jpg,https://eda.yandex.ru/r/dvor_1666364801?placeSlug=dvor_
6c07052510da,YD-6c07052510da,Шашлык & Гриль,Сибас на мангале,1256,320 г,На гриле,./images/6c07052510da_Сибас_на_мангале.jpg,https://eda.yandex.ru/r/dvor_1666364801?placeSlug=dvor_
1d49b07c26cc,YD-1d49b07c26cc,Хлеб,Лепешка пшеничная круглая,128,170 г,Запечённое,./images/1d49b07c26cc_Лепешка_пшеничная_круглая.jpg,https://eda.yandex.ru/r/dvor_1666364801?placeSlug=dvor_
4e9b3bb7a08c,YD-4e9b3bb7a08c,Хлеб,Лаваш бакинский,96,160 г,Запечённое,./images/4e9b3bb7a08c_Лаваш_бакинский.jpg,https://eda.yandex.ru/r/dvor_1666364801?placeSlug=dvor_
11a9ee61b299,YD-11a9ee61b299,Хлеб,Лепешка пшеничная тонкая,128,160 г,Запечённое,./images/11a9ee61b299_Лепешка_пшеничная_тонкая.jpg,https://eda.yandex.ru/r/dvor_1666364801?placeSlug=dvor_
3eda709a26ca,YD-3eda709a26ca,Соусы,Соусы в ассортименте,120,50 г,,./images/3eda709a26ca_Соусы_в_ассортименте.jpg,https://eda.yandex.ru/r/dvor_1666364801?placeSlug=dvor_
aef7984d910e,YD-aef7984d910e,Напитки,Лимонад Натахтари в ассортименте,296,500 мл,,./images/aef7984d910e_Лимонад_Натахтари_в_ассортименте.jpg,https://eda.yandex.ru/r/dvor_1666364801?placeSlug=dvor_
9bbdd58cdfac,YD-9bbdd58cdfac,Напитки,Боржоми,320,500 мл,,./images/9bbdd58cdfac_Боржоми.jpg,https://eda.yandex.ru/r/dvor_1666364801?placeSlug=dvor_
5b598c23f925,YD-5b598c23f925,Напитки,Сираб,296,500 мл,,./images/5b598c23f925_Сираб.jpg,https://eda.yandex.ru/r/dvor_1666364801?placeSlug=dvor_
298daeb8fa09,YD-298daeb8fa09,Напитки,Компот Богдан Азербайджан,472,1 л,,./images/298daeb8fa09_Компот_Богдан_Азербайджан.jpg,https://eda.yandex.ru/r/dvor_1666364801?placeSlug=dvor_
8be23590c0e3,YD-8be23590c0e3,Напитки,Морс клюквенный,440,1 л,,./images/8be23590c0e3_Морс_клюквенный.jpg,https://eda.yandex.ru/r/dvor_1666364801?placeSlug=dvor_
6231473743a6,YD-6231473743a6,Напитки,Соки Рич в ассортименте,424,1 л,,./images/6231473743a6_Соки_Рич_в_ассортименте.jpg,https://eda.yandex.ru/r/dvor_1666364801?placeSlug=dvor_
6f80a271b198,YD-6f80a271b198,Напитки,Рычал Су,328,500 мл,,./images/6f80a271b198_Рычал_Су.jpg,https://eda.yandex.ru/r/dvor_1666364801?placeSlug=dvor_
054ddfc477bc,YD-054ddfc477bc,Десерты,Наполеон,472,100 г,,./images/054ddfc477bc_Наполеон.jpg,https://eda.yandex.ru/r/dvor_1666364801?placeSlug=dvor_
6c322e7c0884,YD-6c322e7c0884,Десерты,Чизкейк,472,120 г,,./images/6c322e7c0884_Чизкейк.jpg,https://eda.yandex.ru/r/dvor_1666364801?placeSlug=dvor_
f1f9cd2fdada,YD-f1f9cd2fdada,Десерты,Ляб ляби,552,150 г,,./images/f1f9cd2fdada_Ляб_ляби.jpg,https://eda.yandex.ru/r/dvor_1666364801?placeSlug=dvor_
21f15517f837,YD-21f15517f837,Десерты,Финики,400,150 г,,./images/21f15517f837_Финики.jpg,https://eda.yandex.ru/r/dvor_1666364801?placeSlug=dvor_
